<?xml version="1.0" encoding="UTF-8"?><rss version="2.0"
	xmlns:content="http://purl.org/rss/1.0/modules/content/"
	xmlns:wfw="http://wellformedweb.org/CommentAPI/"
	xmlns:dc="http://purl.org/dc/elements/1.1/"
	xmlns:atom="http://www.w3.org/2005/Atom"
	xmlns:sy="http://purl.org/rss/1.0/modules/syndication/"
	xmlns:slash="http://purl.org/rss/1.0/modules/slash/"
	>

<channel>
	<title>Piggy Foods 沛綺優食</title>
	<atom:link href="/feed/" rel="self" type="application/rss+xml" />
	<link>/</link>
	<description>堅持使用原形食材的美味餐盒</description>
	<lastBuildDate>Sun, 17 Jan 2021 14:55:08 +0000</lastBuildDate>
	<language>zh-TW</language>
	<sy:updatePeriod>
	hourly	</sy:updatePeriod>
	<sy:updateFrequency>
	1	</sy:updateFrequency>
	<generator>https://wordpress.org/?v=6.5.5</generator>

<image>
	<url>/wp-content/uploads/2021/01/cropped-cropped-logo-1-32x32.png</url>
	<title>Piggy Foods 沛綺優食</title>
	<link>/</link>
	<width>32</width>
	<height>32</height>
</image> 
	<item>
		<title>網站第一篇文章</title>
		<link>/2021/01/17/hello-world/?utm_source=rss#038;utm_medium=rss&#038;utm_campaign=hello-world</link>
					<comments>/2021/01/17/hello-world/#comments</comments>
		
		<dc:creator><![CDATA[kitart110]]></dc:creator>
		<pubDate>Sun, 17 Jan 2021 14:55:08 +0000</pubDate>
				<category><![CDATA[未分類]]></category>
		<guid isPermaLink="false">/?p=1</guid>

					<description><![CDATA[<p>歡迎使用 WordPress。這是這個網站的第一篇文章，試試為這篇文章進行編輯或直接刪除，然後開始撰寫新文章！</p>
<p>The post <a href="/2021/01/17/hello-world/">網站第一篇文章</a> first appeared on <a href="/">Piggy Foods 沛綺優食</a>.</p>]]></description>
										<content:encoded><![CDATA[<p>歡迎使用 WordPress。這是這個網站的第一篇文章，試試為這篇文章進行編輯或直接刪除，然後開始撰寫新文章！</p><p>The post <a href="/2021/01/17/hello-world/">網站第一篇文章</a> first appeared on <a href="/">Piggy Foods 沛綺優食</a>.</p>]]></content:encoded>
					
					<wfw:commentRss>/2021/01/17/hello-world/feed/</wfw:commentRss>
			<slash:comments>1</slash:comments>
		
		
			</item>
	</channel>
</rss>
